Name;Volume;Price;Genre;Author
Saatleri Ayarlama Enstitusu;3;65;Fantastik;a008d00000EJK5XAAX
Cesur Yeni Dunya;3;65;roman;a008d00000EJK5BAAX
Leo Africanus;3;65;roman;a008d00000EJK5pAAH
Samarkand;3;65;roman;a008d00000EJK5pAAH
The Little Prince;3;65;dunya klasikleri;a008d00000EJK64AAH
Uc Yil;3;65;dunya klasikleri;a008d00000EJK5LAAX
Mucizevi Mandarin;8;65;roman;a008d00000EJK50AAH
Gercekten Bilmeniz Gereken 50 Felsefe Fikri;8;65;Felsefe;a008d00000EJK5eAAH
Evrim Kurami ve Mekanizmalari;8;65;Bilim;a008d00000EJK5dAAH
iki sehrin Hikayesi;8;85;dunya klasikleri;a008d00000EJK4pAAH
Beyaz Gemi;8;85;roman;a008d00000EJK5KAAX
Cengiz Han'a Kusen Bulut;8;85;roman;a008d00000EJK5KAAX
Jamilia;8;85;roman;a008d00000EJK5KAAX
Toprak Ana;7;85;roman;a008d00000EJK5KAAX
ilahi Komedya;7;85;dunya klasikleri;a008d00000EJK4zAAH
Yuruyen Kelimeler;7;85;deneme;a008d00000EJK5RAAX
Askin ve Savasin Gunduz ve Geceleri;7;85;Hikaye;a008d00000EJK5RAAX
Ve Gunler Yurumeye Basladi;7;85;hikaye;a008d00000EJK5RAAX
The Book of Embraces;7;85;hikaye;a008d00000EJK5RAAX
Mirrors: Stories of Almost Everyone;7;85;hikaye;a008d00000EJK5RAAX
Soccer in Sun and Shadow;7;92;Arastirma-tarih;a008d00000EJK5RAAX
Open Veins of Latin America: Five Centuries of the Pillage of a Continent;7;92;Arastirma-tarih;a008d00000EJK5RAAX
Muptezeller;9;92;Roman;a008d00000EJK5ZAAX
Son Hafriyat;9;92;roman;a008d00000EJK5ZAAX
Deliduman;9;92;roman;a008d00000EJK5ZAAX
Her Temas iz Birakir;9;92;roman;a008d00000EJK5ZAAX
Erken Kaybedenler;9;92;hikaye;a008d00000EJK5ZAAX
Kizlarima Mektuplar: Yasamdan Satirbaslari;9;92;Deneme;a008d00000EJK5aAAH
Kendi Isiginda Yanan Adam: Tanidigim Metin Erksan;9;92;hatira;a008d00000EJK5JAAX
Bozkirda Bir Gece Yarisi;9;92;hikaye;a008d00000EJK5JAAX
Cin Aynasi;9;92;hikaye;a008d00000EJK5JAAX
Nasipse Adayiz;9;92;roman;a008d00000EJK5JAAX
Peri Gazozu;2;29;Hikaye;a008d00000EJK5JAAX
Gunes de Dogar;2;29;dunya klasikleri;a008d00000EJK5fAAH
Canlar Kimin icin Caliyor;2;29;dunya klasikleri;a008d00000EJK5fAAH
Bozkirin Uzak Bahceleri;2;29;hikaye;a008d00000EJK5GAAX
Tirpan;2;29;turk klasikleri;a008d00000EJK4sAAH
Gece Vardiyasi;2;29;hikaye;a008d00000EJK4sAAH
Yilanlarin Ocu;2;29;turk klasikleri;a008d00000EJK4sAAH
Kara Ahmet Destani;2;29;turk klasikleri;a008d00000EJK4sAAH
Irazca'nin Dirligi;2;29;turk klasikleri;a008d00000EJK4sAAH
Ucurtmayi Vurmasinlar;6;29;roman;a008d00000EJK4xAAH
sato;6;38;dunya klasikleri;a008d00000EJK5rAAH
The Metamorphosis;6;38;dunya klasikleri;a008d00000EJK5rAAH
The Trial;6;38;dunya klasikleri;a008d00000EJK5rAAH
Notes from Underground;6;38;dunya klasikleri;a008d00000EJK66AAH
Keep the Aspidistra Flying;6;38;dunya klasikleri;a008d00000EJK5zAAH
1984;9;38;dunya klasikleri;a008d00000EJK5zAAH
Animal Farm;9;38;dunya klasikleri;a008d00000EJK5zAAH
A Feast for Crows;9;38;Fantastik;a008d00000EJK62AAH
A Storm of Swords;9;38;Fantastik;a008d00000EJK62AAH
A Clash of Kings;9;38;Fantastik;a008d00000EJK62AAH
A Game of Thrones;9;85;Fantastik;a008d00000EJK62AAH
Kinyas ve Kayra 18.yil Resimli Ozel Baskisi;1;85;roman;a008d00000EJK4rAAH
Beni Kor Kuyularda;1;85;roman;a008d00000EJK4oAAH
Golgesizler;1;85;roman;a008d00000EJK4oAAH
Olu Zaman Gezginleri;1;85;roman;a008d00000EJK4oAAH
Sonsuzluga Nokta;6;85;roman;a008d00000EJK4oAAH
Siddhartha;6;85;dunya klasikleri;a008d00000EJK5tAAH
When Nietzsche Wept;6;85;roman;a008d00000EJK5oAAH
Second Foundation;6;85;Bilim-Kurgu;a008d00000EJK5WAAX
Foundation and Empire;6;85;Bilim-Kurgu;a008d00000EJK5WAAX
Yedinci Gun;6;115;roman;a008d00000EJK4tAAH
Galiz Kahraman;4;115;roman;a008d00000EJK4tAAH
Kitab-ul Hiyel;4;115;roman;a008d00000EJK4tAAH
Efrasiyab'in Hikayeleri;4;115;roman;a008d00000EJK4tAAH
Amat;4;115;roman;a008d00000EJK4tAAH
Suskunlar;4;115;roman;a008d00000EJK4tAAH
Puslu Kitalar Atlasi;4;115;roman;a008d00000EJK4tAAH
Turklerin Tarihi: Orta Asya'nin Bozkirlarindan Avrupa'nin Kapilarina;4;115;Arastirma-tarih;a008d00000EJK5sAAH
itiraf;4;20;roman;a008d00000EJK5IAAX
sah & Sultan;6;20;roman;a008d00000EJK5IAAX
Beren ile Lithien;6;20;inceleme;a008d00000EJK51AAH
Unfinished Tales of Nimenor and Middle-Earth;6;20;Fantastik;a008d00000EJK51AAH
The Children of Hirin;6;20;Fantastik;a008d00000EJK51AAH
The Silmarillion;6;20;Fantastik;a008d00000EJK51AAH
The Two Towers;6;20;Fantastik;a008d00000EJK51AAH
The Fellowship of the Ring;6;20;Fantastik;a008d00000EJK51AAH
Emile - Ya da Egitim Uzerine - Hasan Ali Yucel Klasikleri;5;20;Deneme;a008d00000EJK5UAAX
Gercekten Bilmeniz Gereken 50 Fizik Fikri;5;15;Bilim;a008d00000EJK5bAAH
Genc Werther'in Acilari;5;15;dunya klasikleri;a008d00000EJK5QAAX
Gorme Bicimleri;5;15;deneme;a008d00000EJK55AAH
Gazap Uzumleri;5;15;dunya klasikleri;a008d00000EJK5gAAH
Of Mice and Men;5;15;dunya klasikleri;a008d00000EJK5gAAH
Futbol Taktikleri Tarihi: 1-2-7'den Tiki-Taka ve Otesine;5;15;Arastirma-tarih;a008d00000EJK5kAAH
Komunist Manifesto;5;15;deneme;a008d00000EJK58AAH
Demiryolu Oykuleri;5;15;hikaye;a008d00000EJK5FAAX
The Kite Runner;5;5;roman;a008d00000EJK5qAAH
Aclik;5;5;dunya klasikleri;a008d00000EJK4uAAH
Al da At Dercesine: Futbol Oykuleri;3;5;hikaye;a008d00000EJK5PAAX
A Partisan's Daughter;3;5;roman;a008d00000EJK5wAAH
Birds Without Wings;3;5;roman;a008d00000EJK5wAAH
Corelli's Mandolin;3;5;roman;a008d00000EJK5wAAH
A Connecticut Yankee in King Arthur's Court;3;5;dunya klasikleri;a008d00000EJK65AAH
isa'nin Guncesi;3;5;roman;a008d00000EJK57AAH
islamda Savas Bitmistir;3;12;Deneme;a008d00000EJK5YAAX
sahbaba;3;12;Arastirma-tarih;a008d00000EJK5mAAH
Talat Pasa'nin Evrak-i Metrukesi;8;12;Arastirma-tarih;a008d00000EJK5mAAH
Bir Dersim Hikayesi;8;12;hikaye;a008d00000EJK5SAAX
Adem'in Kekligi ve Chopin;8;12;hikaye;a008d00000EJK5TAAX
Yengeler Cumhuriyeti;8;12;hikaye;a008d00000EJK5TAAX
Ah Mercimegim;8;12;hikaye;a008d00000EJK5TAAX
Bozkirda Altmisalti;8;12;hikaye;a008d00000EJK5TAAX
Son Kiz: Esaretimin Hikayesi ve IsiD'le Mucadelem;8;12;roman;a008d00000EJK5DAAX
Memleketimden insan Manzaralari;8;12;siir;a008d00000EJK5CAAX
Propaganda and the Public Mind;8;12;arastirma;a008d00000EJK5vAAH
Gaza in Crisis: Reflections on Israel's War Against the Palestinians;8;24;arastirma;a008d00000EJK5vAAH
Occupy;11;24;arastirma;a008d00000EJK5vAAH
Media Control: The Spectacular Achievements of Propaganda;11;24;arastirma;a008d00000EJK5vAAH
Tehlikeli Oyunlar;11;24;roman;a008d00000EJK5VAAX
Cevdet Bey ve Ogullari;11;24;roman;a008d00000EJK60AAH
A Strangeness in My Mind;11;24;roman;a008d00000EJK60AAH
The Black Book;11;24;roman;a008d00000EJK60AAH
The White Castle;11;24;roman;a008d00000EJK60AAH
Snow;3;24;roman;a008d00000EJK60AAH
My Name Is Red;3;24;roman;a008d00000EJK60AAH
Kirmizi Sacli Kadin;3;24;roman;a008d00000EJK60AAH
Dorian Gray'in Portresi;3;24;dunya klasikleri;a008d00000EJK5MAAX
Bilge Adamin Korkusu;3;24;Fantastik;a008d00000EJK4qAAH
Ruzgarin Adi;3;24;Fantastik;a008d00000EJK4qAAH
The Fifth Mountain;9;35;roman;a008d00000EJK5yAAH
Veronika Decides to Die;9;35;roman;a008d00000EJK5yAAH
The Alchemist;9;35;roman;a008d00000EJK5yAAH
Carmen;9;35;dunya klasikleri;a008d00000EJK5NAAX
Ayet ve Slogan: Turkiye'de islami Olusumlar;9;35;Arastirma-tarih;a008d00000EJK5lAAH
Kamyon: Secme Oykuler;9;35;hikaye;a008d00000EJK4vAAH
Degirmen;9;35;hikaye;a008d00000EJK4vAAH
Kuyucakli Yusuf;9;35;roman;a008d00000EJK4vAAH
Kurk Mantolu Madonna;8;35;roman;a008d00000EJK4vAAH
Semaver;8;40;hikaye;a008d00000EJK5xAAH
Seher;8;40;hikaye;a008d00000EJK59AAH
Devran;8;40;hikaye;a008d00000EJK59AAH
Amok Kosucusu;8;40;dunya klasikleri;a008d00000EJK5HAAX
Ay Isigi Sokagi;8;40;dunya klasikleri;a008d00000EJK5HAAX
Leporella;8;40;dunya klasikleri;a008d00000EJK5HAAX
Bir Cokusun Oykusu;8;40;dunya klasikleri;a008d00000EJK5HAAX
Amok Kosucusu;4;40;dunya klasikleri;a008d00000EJK5HAAX
Satranc;4;40;roman;a008d00000EJK5HAAX
Devlet ve Kuzgun: 1990'lardan 2000'lere MHP;4;40;Arastirma-tarih;a008d00000EJK5hAAH
Devlet Ocak Dergah: 12 Eylul'den 1990'lara Ulkucu Hareket ;4;55;Arastirma-tarih;a008d00000EJK5hAAH
Beyin Ekran;4;55;inceleme;a008d00000EJK56AAH
Devlerin Omuzlarinda Milano Dersleri;4;55;deneme;a008d00000EJK52AAH
Bes Ahlak Yazisi;1;55;Deneme;a008d00000EJK52AAH
Cecu'nun Yer Cuceleri;1;55;Cocuk kitabi;a008d00000EJK52AAH
Inventing the Enemy: Essays;1;55;Deneme;a008d00000EJK52AAH
Misreadings;1;55;Deneme;a008d00000EJK52AAH
How to Travel with a Salmon and Other Essays;1;55;Deneme;a008d00000EJK52AAH
Numero zero;1;23;roman;a008d00000EJK52AAH
The Mysterious Flame of Queen Loana;7;23;roman;a008d00000EJK52AAH
The Island of the Day Before;7;23;roman;a008d00000EJK52AAH
The Prague Cemetery;7;23;roman;a008d00000EJK52AAH
On Ugliness;7;23;Arastirma-tarih;a008d00000EJK52AAH
Baudolino;7;23;roman;a008d00000EJK52AAH
History of Beauty;7;23;Arastirma-tarih;a008d00000EJK52AAH
Foucault's Pendulum;7;23;roman;a008d00000EJK52AAH
The Name of the Rose;7;23;roman;a008d00000EJK52AAH
Petrol!;7;42;roman;a008d00000EJK5EAAX
Orsinya Oykuleri;8;42;hikaye;a008d00000EJK5AAAX
Lavinia;8;42;roman;a008d00000EJK5AAAX
The Other Wind;8;42;Fantastik;a008d00000EJK5AAAX
Tehanu;8;42;Fantastik;a008d00000EJK5AAAX
The Dispossessed;8;42;Bilim-Kurgu;a008d00000EJK5AAAX
The Tombs of Atuan;8;42;Fantastik;a008d00000EJK5AAAX
The Word for World is Forest;8;42;Bilim-Kurgu;a008d00000EJK5AAAX
The Left Hand of Darkness;8;25;Bilim-Kurgu;a008d00000EJK5AAAX
Ruyanin Ote Yakasi;5;25;Bilim-Kurgu;a008d00000EJK5AAAX
A Wizard of Earthsea;5;25;Fantastik;a008d00000EJK5AAAX
The Farthest Shore;5;25;Fantastik;a008d00000EJK5AAAX
Dersu Uzala;5;25;roman;a008d00000EJK5OAAX
Fedailerin Kalesi Alamut;5;25;roman;a008d00000EJK5uAAH
ince Memed 1;5;25;turk klasikleri;a008d00000EJK61AAH
Uc Anadolu Efsanesi;5;25;turk klasikleri;a008d00000EJK61AAH
ince Memed 4;5;25;turk klasikleri;a008d00000EJK61AAH
ince Memed 3;7;25;turk klasikleri;a008d00000EJK61AAH
Agridagi Efsanesi;7;25;turk klasikleri;a008d00000EJK61AAH
Butun Oykuleri;7;25;hikaye;a008d00000EJK4yAAH
Aylak Adam;7;25;roman;a008d00000EJK4yAAH
Anayurt Oteli;7;15;turk klasikleri;a008d00000EJK4yAAH
Vakif;7;15;Bilim-Kurgu;a008d00000EJK5WAAX
Drina Koprusu;7;15;roman;a008d00000EJK53AAH
Hamal Kurt;7;15;Deneme;a008d00000EJK5YAAX
Cakici'nin ilk Kursunu;7;15;turk klasikleri;a008d00000EJK4vAAH
Different Seasons;3;15;roman;a008d00000EJK5nAAH
Cujo;3;15;roman;a008d00000EJK5nAAH
Pet Sematary;3;15;roman;a008d00000EJK5nAAH
It;3;15;roman;a008d00000EJK5nAAH
The Return of the King;3;15;Fantastik;a008d00000EJK63AAH
The Hobbit  or There and Back Again;3;15;Fantastik;a008d00000EJK63AAH
Savas Sanati;3;15;dunya klasikleri;a008d00000EJK4wAAH
